<?xml version="1.0" encoding="UTF-8"?>
<!DOCTYPE fontscolors PUBLIC "-//NetBeans//DTD Editor Fonts and Colors settings 1.2//EN" "https://netbeans.apache.org/dtds/EditorFontsColors-1_2.dtd">
<fontscolors>
    <fontcolor default="field" name="mod-record-component"/>
    <fontcolor bgColor="ffeedddd" name="mod-unindented-text-block"/>
    <fontcolor default="identifier" foreColor="ff40d6b8" name="mod-class"/>
    <fontcolor default="identifier" foreColor="ffb8d7a3" name="mod-interface-declaration">
        <font style="bold"/>
    </fontcolor>
    <fontcolor default="method" name="mod-method-declaration"/>
    <fontcolor default="identifier" name="mod-module-declaration">
        <font style="bold"/>
    </fontcolor>
    <fontcolor default="keyword" foreColor="ffc875d0" name="keyword-directive"/>
    <fontcolor default="char" foreColor="ff88d788" name="character"/>
    <fontcolor default="identifier" foreColor="ffe0b1fc" name="mod-annotation-type"/>
    <fontcolor default="identifier" name="mod-record"/>
    <fontcolor default="keyword" foreColor="ff6c8afd" name="keyword"/>
    <fontcolor default="identifier" foreColor="ff9cdcfe" name="mod-local-variable"/>
    <fontcolor default="field" foreColor="white" name="mod-field"/>
    <fontcolor default="keyword" name="mod-keyword"/>
    <fontcolor default="identifier" foreColor="ffb5d640" name="mod-annotation-type-declaration">
        <font style="bold"/>
    </fontcolor>
    <fontcolor default="identifier" foreColor="ffb8d7a3" name="mod-interface"/>
    <fontcolor default="identifier" foreColor="ff40d6b8" name="mod-constructor-declaration"/>
    <fontcolor default="identifier" foreColor="ff86c691" name="mod-enum"/>
    <fontcolor default="identifier" foreColor="ff9cdcfe" name="mod-local-variable-declaration"/>
    <fontcolor default="identifier" foreColor="ff86c691" name="mod-enum-declaration"/>
    <fontcolor name="mod-static"/>
    <fontcolor default="field" name="mod-record-component-declaration"/>
    <fontcolor default="identifier" foreColor="ff40d6b8" name="mod-class-declaration"/>
    <fontcolor default="identifier" foreColor="ff40d6b8" name="mod-constructor"/>
    <fontcolor default="identifier" name="mod-module"/>
    <fontcolor default="field" foreColor="white" name="mod-field-declaration"/>
</fontscolors>
