<?xml version="1.0" encoding="UTF-8"?>
<!DOCTYPE editor-preferences PUBLIC "-//NetBeans//DTD Editor Preferences 1.0//EN" "http://www.netbeans.org/dtds/EditorPreferences-1_0.dtd">
<editor-preferences>
    <entry javaType="java.lang.Boolean" name="alignMultilineAnnotationArgs" xml:space="preserve"><value><![CDATA[true]]></value></entry>
    <entry javaType="java.lang.Boolean" name="alignMultilineFor" xml:space="preserve"><value><![CDATA[true]]></value></entry>
    <entry javaType="java.lang.Boolean" name="alignMultilineLambdaParams" xml:space="preserve"><value><![CDATA[true]]></value></entry>
    <entry javaType="java.lang.Boolean" name="alignMultilineMethodParams" xml:space="preserve"><value><![CDATA[true]]></value></entry>
    <entry javaType="java.lang.Boolean" name="alignMultilineThrows" xml:space="preserve"><value><![CDATA[true]]></value></entry>
    <entry javaType="java.lang.Boolean" name="alignMultilineTryResources" xml:space="preserve"><value><![CDATA[true]]></value></entry>
    <entry javaType="java.lang.String" name="blankLinesAfterClassHeader" xml:space="preserve"><value><![CDATA[0]]></value></entry>
    <entry javaType="java.lang.String" name="blankLinesBeforeClass" xml:space="preserve"><value><![CDATA[0]]></value></entry>
    <entry javaType="java.lang.String" name="classDeclBracePlacement" xml:space="preserve"><value><![CDATA[NEW_LINE]]></value></entry>
    <entry javaType="java.lang.Boolean" name="enable-indent" xml:space="preserve"><value><![CDATA[true]]></value></entry>
    <entry javaType="java.lang.String" name="methodDeclBracePlacement" xml:space="preserve"><value><![CDATA[NEW_LINE]]></value></entry>
    <entry javaType="java.lang.String" name="moduleDeclBracePlacement" xml:space="preserve"><value><![CDATA[NEW_LINE]]></value></entry>
    <entry javaType="java.lang.String" name="otherBracePlacement" xml:space="preserve"><value><![CDATA[NEW_LINE]]></value></entry>
    <entry javaType="java.lang.Boolean" name="placeCatchOnNewLine" xml:space="preserve"><value><![CDATA[true]]></value></entry>
    <entry javaType="java.lang.Boolean" name="placeElseOnNewLine" xml:space="preserve"><value><![CDATA[true]]></value></entry>
    <entry javaType="java.lang.Boolean" name="placeFinallyOnNewLine" xml:space="preserve"><value><![CDATA[true]]></value></entry>
    <entry javaType="java.lang.Boolean" name="placeWhileOnNewLine" xml:space="preserve"><value><![CDATA[true]]></value></entry>
    <entry javaType="java.lang.String" name="redundantDoWhileBraces" xml:space="preserve"><value><![CDATA[LEAVE_ALONE]]></value></entry>
    <entry javaType="java.lang.String" name="redundantForBraces" xml:space="preserve"><value><![CDATA[LEAVE_ALONE]]></value></entry>
    <entry javaType="java.lang.String" name="redundantIfBraces" xml:space="preserve"><value><![CDATA[LEAVE_ALONE]]></value></entry>
    <entry javaType="java.lang.String" name="redundantWhileBraces" xml:space="preserve"><value><![CDATA[LEAVE_ALONE]]></value></entry>
    <entry javaType="java.lang.Boolean" name="wrapAfterDotInChainedMethodCalls" xml:space="preserve"><value><![CDATA[false]]></value></entry>
    <entry javaType="java.lang.String" name="wrapAnnotations" xml:space="preserve"><value><![CDATA[WRAP_NEVER]]></value></entry>
    <entry javaType="java.lang.String" name="wrapCaseStatements" xml:space="preserve"><value><![CDATA[WRAP_NEVER]]></value></entry>
    <entry javaType="java.lang.String" name="wrapDoWhileStatement" xml:space="preserve"><value><![CDATA[WRAP_NEVER]]></value></entry>
    <entry javaType="java.lang.String" name="wrapForStatement" xml:space="preserve"><value><![CDATA[WRAP_NEVER]]></value></entry>
    <entry javaType="java.lang.String" name="wrapIfStatement" xml:space="preserve"><value><![CDATA[WRAP_NEVER]]></value></entry>
    <entry javaType="java.lang.String" name="wrapTryResources" xml:space="preserve"><value><![CDATA[WRAP_ALWAYS]]></value></entry>
    <entry javaType="java.lang.String" name="wrapWhileStatement" xml:space="preserve"><value><![CDATA[WRAP_NEVER]]></value></entry>
    <entry name="code-folding-collapse-innerclass" remove="true"/>
    <entry name="code-folding-collapse-javadoc" remove="true"/>
    <entry name="code-folding-collapse-method" remove="true"/>
    <entry name="pair-characters-completion" remove="true"/>
    <entry name="show-deprecated-members" remove="true"/>
</editor-preferences>
