<application>
  <component name="CodeInsightSettings">
    <option name="completionCaseSensitive" value="2" />
    <option name="COMPLETION_CASE_SENSITIVE" value="2" />
  </component>
  <component name="DefaultFont">
    <option name="FONT_SIZE" value="11" />
    <option name="FONT_REGULAR_SUB_FAMILY" value="Regular" />
    <option name="FONT_BOLD_SUB_FAMILY" value="Bold" />
  </component>
  <component name="EditorSettings">
    <option name="STRIP_TRAILING_SPACES" value="None" />
    <option name="SHOW_INTENTION_BULB" value="false" />
    <option name="IS_RIGHT_MARGIN_SHOWN" value="false" />
    <option name="ENABLE_RENDERED_DOC" value="true" />
    <option name="IS_WHEEL_FONTCHANGE_ENABLED" value="true" />
  </component>
  <component name="InlayHintsSettings">
    <option name="disabledHintProviderIds">
      <set>
        <option value="JAVA.chain.hints" />
        <option value="JAVA.java.implicit.types" />
        <option value="kotlin.KotlinLambdasHintsProvider" />
        <option value="kotlin.KotlinReferencesTypeHintsProvider" />
        <option value="kotlin.kotlin.call.chains.hints" />
        <option value="kotlin.kotlin.lambdas.hints" />
        <option value="kotlin.kotlin.ranges.hints" />
        <option value="kotlin.kotlin.references.types.hints" />
      </set>
    </option>
    <option name="lastViewedProviderKeyId" value="parameter.hints.old" />
    <settingsMapElement>
      <kotlin.kotlin.values.hints>
        <Settings>
          <option name="ranges" value="false" />
        </Settings>
      </kotlin.kotlin.values.hints>
    </settingsMapElement>
  </component>
</application>