<?xml version="1.0" encoding="UTF-8"?>
<!DOCTYPE codetemplates PUBLIC "-//NetBeans//DTD Editor Code Templates settings 1.0//EN" "http://www.netbeans.org/dtds/EditorCodeTemplates-1_0.dtd">
<codetemplates>
    <codetemplate abbreviation="jaxbu" xml:space="preserve"><code><![CDATA[
            try {
                javax.xml.bind.JAXBContext jaxbCtx = javax.xml.bind.JAXBContext.newInstance(${UM_OBJ instanceof="java.lang.Object" default="umObj"}.getClass().getPackage().getName());
                javax.xml.bind.Unmarshaller unmarshaller = jaxbCtx.createUnmarshaller();
                ${UM_OBJ} = ${TYPE_CAST cast default=""} unmarshaller.unmarshal(new java.io.File("File path")); //NOI18N
            } catch (javax.xml.bind.JAXBException ex) {
                // XXXTODO Handle exception
                java.util.logging.Logger.getLogger("global").log(java.util.logging.Level.SEVERE, null, ex); //NOI18N
            }
        ]]></code><description><![CDATA[Sample template to unmarshal JAXB objects.]]></description></codetemplate>
    <codetemplate abbreviation="my_tcp" xml:space="preserve"><code><![CDATA[int numPuerto = 7890;

try ( var serverSocket = new DatagramSocket(numPuerto))
{
    System.out.printf("Creado socket de datagramas para puerto %s.\n", numPuerto);

    while (true)
    {
        System.out.println("Esperando datagramas.");

        byte[] datosRecibidos = new byte[MAX_BYTES];
        var paqueteRecibido = new DatagramPacket(datosRecibidos, datosRecibidos.length);

        serverSocket.receive(paqueteRecibido);

        String mensaje = new String(
                paqueteRecibido.getData(),
                0,
                paqueteRecibido.getLength(),
                COD_TEXTO
        );

        InetAddress IPCliente = paqueteRecibido.getAddress();
        int puertoCliente = paqueteRecibido.getPort();

        System.out.printf("Datagrama recibido de %s:%d (%s)\n",
                IPCliente.getHostAddress(), puertoCliente, mensaje);
        //-----------------------------------------------------------------------

        //String respuesta = analizarMensajeRecibido(mensaje);

        //-----------------------------------------------------------------------
        byte[] b = respuesta.getBytes(COD_TEXTO);
        var paqueteEnviado = new DatagramPacket(
                b,
                b.length,
                IPCliente,
                puertoCliente
        );
        serverSocket.send(paqueteEnviado);
    }
}
//<editor-fold desc="Catch" defaultstate="collapsed">
catch (SocketException ex)
{
    Logger.getLogger(ServidorBombarderoUDP.class.getName()).log(Level.SEVERE, null, ex);
}
catch (IOException ex)
{
    Logger.getLogger(ServidorBombarderoUDP.class.getName()).log(Level.SEVERE, null, ex);
}
//</editor-fold>]]></code></codetemplate>
    <codetemplate abbreviation="myBufferRead" xml:space="preserve"><code><![CDATA[try (var br = new BufferedReader(new InputStreamReader(is))) {
    ${cursor}    
    String linea = null;
    while ((linea = br.readLine()) != null)
    {
        System.out.println(linea);
    }
}]]></code></codetemplate>
    <codetemplate abbreviation="jaxbm" xml:space="preserve"><code><![CDATA[try {            
                javax.xml.bind.JAXBContext jaxbCtx= javax.xml.bind.JAXBContext.newInstance( ${OBJ2M instanceof="java.lang.Object" default="obj2BMarshalled"}.getClass().getPackage().getName());
                javax.xml.bind.Marshaller marshaller = jaxbCtx.createMarshaller();
                marshaller.setProperty(javax.xml.bind.Marshaller.JAXB_ENCODING, "UTF-8"); //NOI18N
                marshaller.setProperty(javax.xml.bind.Marshaller.JAXB_FORMATTED_OUTPUT, Boolean.TRUE);
                marshaller.marshal(${OBJ2M} , System.out);
            } catch (javax.xml.bind.JAXBException ex) {
                // XXXTODO Handle exception
                java.util.logging.Logger.getLogger("global").log(java.util.logging.Level.SEVERE, null, ex); //NOI18N
        }]]></code><description><![CDATA[Sample template to marshal JAXB objects.]]></description></codetemplate>
</codetemplates>
